Circoscrizione,Coalizione,Partito,Voti
PIEMONTE 1,CDX,LEGA PER SALVINI PREMIER,90461
PIEMONTE 1,CDX,FORZA ITALIA,72343
PIEMONTE 1,CDX,NOI MODERATI/LUPI - TOTI - BRUGNARO - UDC,6207
PIEMONTE 1,CSX,PARTITO DEMOCRATICO - ITALIA DEMOCRATICA E PROGRESSISTA,231406
PIEMONTE 1,CSX,ALLEANZA VERDI E SINISTRA,51723
PIEMONTE 1,CSX,+EUROPA,47993
PIEMONTE 1,CSX,IMPEGNO CIVICO LUIGI DI MAIO - CENTRO DEMOCRATICO,4942
PIEMONTE 1,MOVIMENTO 5 STELLE,MOVIMENTO 5 STELLE,130043
PIEMONTE 1,AZIONE - ITALIA VIVA - CALENDA,AZIONE - ITALIA VIVA - CALENDA,93262
PIEMONTE 1,ITALEXIT PER L'ITALIA,ITALEXIT PER L'ITALIA,25090
PIEMONTE 1,UNIONE POPOLARE CON DE MAGISTRIS,UNIONE POPOLARE CON DE MAGISTRIS,16940
PIEMONTE 1,ITALIA SOVRANA E POPOLARE,ITALIA SOVRANA E POPOLARE,16399
PIEMONTE 1,VITA,VITA,10054
PIEMONTE 1,CDX,FRATELLI D'ITALIA CON GIORGIA MELONI,252681
PIEMONTE 2,CDX,FRATELLI D'ITALIA CON GIORGIA MELONI,295920
PIEMONTE 2,CDX,LEGA PER SALVINI PREMIER,126361
PIEMONTE 2,CDX,FORZA ITALIA,87863
PIEMONTE 2,CDX,NOI MODERATI/LUPI - TOTI - BRUGNARO - UDC,6322
PIEMONTE 2,CSX,PARTITO DEMOCRATICO - ITALIA DEMOCRATICA E PROGRESSISTA,170952
PIEMONTE 2,CSX,ALLEANZA VERDI E SINISTRA,29997
PIEMONTE 2,CSX,+EUROPA,34306
PIEMONTE 2,CSX,IMPEGNO CIVICO LUIGI DI MAIO - CENTRO DEMOCRATICO,4203
PIEMONTE 2,MOVIMENTO 5 STELLE,MOVIMENTO 5 STELLE,77904
PIEMONTE 2,AZIONE - ITALIA VIVA - CALENDA,AZIONE - ITALIA VIVA - CALENDA,81476
PIEMONTE 2,ITALEXIT PER L'ITALIA,ITALEXIT PER L'ITALIA,25453
PIEMONTE 2,UNIONE POPOLARE CON DE MAGISTRIS,UNIONE POPOLARE CON DE MAGISTRIS,10560
PIEMONTE 2,ITALIA SOVRANA E POPOLARE,ITALIA SOVRANA E POPOLARE,15794
LOMBARDIA 1,CDX,FRATELLI D'ITALIA CON GIORGIA MELONI,481575
LOMBARDIA 1,CDX,LEGA PER SALVINI PREMIER,193275
LOMBARDIA 1,CDX,FORZA ITALIA,143347
LOMBARDIA 1,CDX,NOI MODERATI/LUPI - TOTI - BRUGNARO - UDC,20335
LOMBARDIA 1,CSX,PARTITO DEMOCRATICO - ITALIA DEMOCRATICA E PROGRESSISTA,418878
LOMBARDIA 1,CSX,ALLEANZA VERDI E SINISTRA,89516
LOMBARDIA 1,CSX,+EUROPA,81727
LOMBARDIA 1,CSX,IMPEGNO CIVICO LUIGI DI MAIO - CENTRO DEMOCRATICO,8140
LOMBARDIA 1,MOVIMENTO 5 STELLE,MOVIMENTO 5 STELLE,170864
LOMBARDIA 1,AZIONE - ITALIA VIVA - CALENDA,AZIONE - ITALIA VIVA - CALENDA,222915
LOMBARDIA 1,ITALEXIT PER L'ITALIA,ITALEXIT PER L'ITALIA,34869
LOMBARDIA 1,UNIONE POPOLARE CON DE MAGISTRIS,UNIONE POPOLARE CON DE MAGISTRIS,24657
LOMBARDIA 1,ITALIA SOVRANA E POPOLARE,ITALIA SOVRANA E POPOLARE,21305
LOMBARDIA 1,VITA,VITA,11269
LOMBARDIA 1,MASTELLA NOI DI CENTRO EUROPEISTI,MASTELLA NOI DI CENTRO EUROPEISTI,1542
LOMBARDIA 2,CDX,FRATELLI D'ITALIA CON GIORGIA MELONI,315473
LOMBARDIA 2,CDX,LEGA PER SALVINI PREMIER,162596
LOMBARDIA 2,CDX,FORZA ITALIA,86482
LOMBARDIA 2,CDX,NOI MODERATI/LUPI - TOTI - BRUGNARO - UDC,10917
LOMBARDIA 2,CSX,PARTITO DEMOCRATICO - ITALIA DEMOCRATICA E PROGRESSISTA,165438
LOMBARDIA 2,CSX,ALLEANZA VERDI E SINISTRA,35435
LOMBARDIA 2,CSX,+EUROPA,35425
LOMBARDIA 2,CSX,IMPEGNO CIVICO LUIGI DI MAIO - CENTRO DEMOCRATICO,3411
LOMBARDIA 2,MOVIMENTO 5 STELLE,MOVIMENTO 5 STELLE,67675
LOMBARDIA 2,AZIONE - ITALIA VIVA - CALENDA,AZIONE - ITALIA VIVA - CALENDA,100731
LOMBARDIA 2,ITALEXIT PER L'ITALIA,ITALEXIT PER L'ITALIA,20833
LOMBARDIA 2,UNIONE POPOLARE CON DE MAGISTRIS,UNIONE POPOLARE CON DE MAGISTRIS,9308
LOMBARDIA 2,ITALIA SOVRANA E POPOLARE,ITALIA SOVRANA E POPOLARE,11751
LOMBARDIA 2,VITA,VITA,8639
LOMBARDIA 2,MASTELLA NOI DI CENTRO EUROPEISTI,MASTELLA NOI DI CENTRO EUROPEISTI,1258
LOMBARDIA 3,CDX,FRATELLI D'ITALIA CON GIORGIA MELONI,357627
LOMBARDIA 3,CDX,LEGA PER SALVINI PREMIER,186039
LOMBARDIA 3,CDX,FORZA ITALIA,89290
LOMBARDIA 3,CDX,NOI MODERATI/LUPI - TOTI - BRUGNARO - UDC,8214
LOMBARDIA 3,CSX,PARTITO DEMOCRATICO - ITALIA DEMOCRATICA E PROGRESSISTA,188697
LOMBARDIA 3,CSX,ALLEANZA VERDI E SINISTRA,37706
LOMBARDIA 3,CSX,+EUROPA,32665
LOMBARDIA 3,CSX,IMPEGNO CIVICO LUIGI DI MAIO - CENTRO DEMOCRATICO,3432
LOMBARDIA 3,MOVIMENTO 5 STELLE,MOVIMENTO 5 STELLE,64024
LOMBARDIA 3,AZIONE - ITALIA VIVA - CALENDA,AZIONE - ITALIA VIVA - CALENDA,106454
LOMBARDIA 3,ITALEXIT PER L'ITALIA,ITALEXIT PER L'ITALIA,18806
LOMBARDIA 3,UNIONE POPOLARE CON DE MAGISTRIS,UNIONE POPOLARE CON DE MAGISTRIS,11568
LOMBARDIA 3,ITALIA SOVRANA E POPOLARE,ITALIA SOVRANA E POPOLARE,10721
LOMBARDIA 3,VITA,VITA,10572
LOMBARDIA 3,MASTELLA NOI DI CENTRO EUROPEISTI,MASTELLA NOI DI CENTRO EUROPEISTI,1134
LOMBARDIA 4,CDX,FRATELLI D'ITALIA CON GIORGIA MELONI,244520
LOMBARDIA 4,CDX,LEGA PER SALVINI PREMIER,109434
LOMBARDIA 4,CDX,FORZA ITALIA,67063
LOMBARDIA 4,CDX,NOI MODERATI/LUPI - TOTI - BRUGNARO - UDC,5727
LOMBARDIA 4,CSX,PARTITO DEMOCRATICO - ITALIA DEMOCRATICA E PROGRESSISTA,151553
LOMBARDIA 4,CSX,ALLEANZA VERDI E SINISTRA,22834
LOMBARDIA 4,CSX,+EUROPA,21552
LOMBARDIA 4,CSX,IMPEGNO CIVICO LUIGI DI MAIO - CENTRO DEMOCRATICO,3319
LOMBARDIA 4,MOVIMENTO 5 STELLE,MOVIMENTO 5 STELLE,59373
LOMBARDIA 4,AZIONE - ITALIA VIVA - CALENDA,AZIONE - ITALIA VIVA - CALENDA,62059
LOMBARDIA 4,ITALEXIT PER L'ITALIA,ITALEXIT PER L'ITALIA,16166
LOMBARDIA 4,UNIONE POPOLARE CON DE MAGISTRIS,UNIONE POPOLARE CON DE MAGISTRIS,8234
LOMBARDIA 4,ITALIA SOVRANA E POPOLARE,ITALIA SOVRANA E POPOLARE,8325
LOMBARDIA 4,VITA,VITA,5016
LOMBARDIA 4,MASTELLA NOI DI CENTRO EUROPEISTI,MASTELLA NOI DI CENTRO EUROPEISTI,583
LOMBARDIA 4,ALTERNATIVA PER L'ITALIA - NO GREEN PASS,ALTERNATIVA PER L'ITALIA - NO GREEN PASS,1992
LOMBARDIA 4,FREE,FREE,736
VENETO 1,CDX,FRATELLI D'ITALIA CON GIORGIA MELONI,301854
VENETO 1,CDX,LEGA PER SALVINI PREMIER,135778
VENETO 1,CDX,FORZA ITALIA,58889
VENETO 1,CDX,NOI MODERATI/LUPI - TOTI - BRUGNARO - UDC,23329
VENETO 1,CSX,PARTITO DEMOCRATICO - ITALIA DEMOCRATICA E PROGRESSISTA,156805
VENETO 1,CSX,ALLEANZA VERDI E SINISTRA,33159
VENETO 1,CSX,+EUROPA,29610
VENETO 1,CSX,IMPEGNO CIVICO LUIGI DI MAIO - CENTRO DEMOCRATICO,3163
VENETO 1,MOVIMENTO 5 STELLE,MOVIMENTO 5 STELLE,55922
VENETO 1,AZIONE - ITALIA VIVA - CALENDA,AZIONE - ITALIA VIVA - CALENDA,74404
VENETO 1,ITALEXIT PER L'ITALIA,ITALEXIT PER L'ITALIA,23039
VENETO 1,UNIONE POPOLARE CON DE MAGISTRIS,UNIONE POPOLARE CON DE MAGISTRIS,9066
VENETO 1,ITALIA SOVRANA E POPOLARE,ITALIA SOVRANA E POPOLARE,11026
VENETO 1,VITA,VITA,16765
VENETO 1,ALTERNATIVA PER L'ITALIA - NO GREEN PASS,ALTERNATIVA PER L'ITALIA - NO GREEN PASS,3509
VENETO 2,CDX,FRATELLI D'ITALIA CON GIORGIA MELONI,494365
VENETO 2,CDX,LEGA PER SALVINI PREMIER,218073
VENETO 2,CDX,FORZA ITALIA,110798
VENETO 2,CDX,NOI MODERATI/LUPI - TOTI - BRUGNARO - UDC,26324
VENETO 2,CSX,PARTITO DEMOCRATICO - ITALIA DEMOCRATICA E PROGRESSISTA,236721
VENETO 2,CSX,ALLEANZA VERDI E SINISTRA,47121
VENETO 2,CSX,+EUROPA,44688
VENETO 2,CSX,IMPEGNO CIVICO LUIGI DI MAIO - CENTRO DEMOCRATICO,5247
VENETO 2,MOVIMENTO 5 STELLE,MOVIMENTO 5 STELLE,84278
VENETO 2,AZIONE - ITALIA VIVA - CALENDA,AZIONE - ITALIA VIVA - CALENDA,125319
VENETO 2,ITALEXIT PER L'ITALIA,ITALEXIT PER L'ITALIA,37507
VENETO 2,UNIONE POPOLARE CON DE MAGISTRIS,UNIONE POPOLARE CON DE MAGISTRIS,13840
VENETO 2,ITALIA SOVRANA E POPOLARE,ITALIA SOVRANA E POPOLARE,15933
VENETO 2,VITA,VITA,25982
FRIULI-VENEZIA GIULIA,CDX,FRATELLI D'ITALIA CON GIORGIA MELONI,177873
FRIULI-VENEZIA GIULIA,CDX,LEGA PER SALVINI PREMIER,62152
FRIULI-VENEZIA GIULIA,CDX,FORZA ITALIA,37993
FRIULI-VENEZIA GIULIA,CDX,NOI MODERATI/LUPI - TOTI - BRUGNARO - UDC,5139
FRIULI-VENEZIA GIULIA,CSX,PARTITO DEMOCRATICO - ITALIA DEMOCRATICA E PROGRESSISTA,102802
FRIULI-VENEZIA GIULIA,CSX,ALLEANZA VERDI E SINISTRA,20753
FRIULI-VENEZIA GIULIA,CSX,+EUROPA,18206
FRIULI-VENEZIA GIULIA,CSX,IMPEGNO CIVICO LUIGI DI MAIO - CENTRO DEMOCRATICO,2129
FRIULI-VENEZIA GIULIA,MOVIMENTO 5 STELLE,MOVIMENTO 5 STELLE,40134
FRIULI-VENEZIA GIULIA,AZIONE - ITALIA VIVA - CALENDA,AZIONE - ITALIA VIVA - CALENDA,48173
FRIULI-VENEZIA GIULIA,ITALEXIT PER L'ITALIA,ITALEXIT PER L'ITALIA,18185
FRIULI-VENEZIA GIULIA,UNIONE POPOLARE CON DE MAGISTRIS,UNIONE POPOLARE CON DE MAGISTRIS,7090
FRIULI-VENEZIA GIULIA,ITALIA SOVRANA E POPOLARE,ITALIA SOVRANA E POPOLARE,10994
FRIULI-VENEZIA GIULIA,VITA,VITA,8399
FRIULI-VENEZIA GIULIA,MASTELLA NOI DI CENTRO EUROPEISTI,MASTELLA NOI DI CENTRO EUROPEISTI,638
FRIULI-VENEZIA GIULIA,ALTERNATIVA PER L'ITALIA - NO GREEN PASS,ALTERNATIVA PER L'ITALIA - NO GREEN PASS,2150
LIGURIA,CDX,FRATELLI D'ITALIA CON GIORGIA MELONI,171331
LIGURIA,CDX,LEGA PER SALVINI PREMIER,65516
LIGURIA,CDX,FORZA ITALIA,45319
LIGURIA,CDX,NOI MODERATI/LUPI - TOTI - BRUGNARO - UDC,14949
LIGURIA,CSX,PARTITO DEMOCRATICO - ITALIA DEMOCRATICA E PROGRESSISTA,157268
LIGURIA,CSX,ALLEANZA VERDI E SINISTRA,30308
LIGURIA,CSX,+EUROPA,23359
LIGURIA,CSX,IMPEGNO CIVICO LUIGI DI MAIO - CENTRO DEMOCRATICO,3281
LIGURIA,MOVIMENTO 5 STELLE,MOVIMENTO 5 STELLE,90177
LIGURIA,AZIONE - ITALIA VIVA - CALENDA,AZIONE - ITALIA VIVA - CALENDA,51413
LIGURIA,ITALEXIT PER L'ITALIA,ITALEXIT PER L'ITALIA,18465
LIGURIA,UNIONE POPOLARE CON DE MAGISTRIS,UNIONE POPOLARE CON DE MAGISTRIS,12069
LIGURIA,ITALIA SOVRANA E POPOLARE,ITALIA SOVRANA E POPOLARE,11690
LIGURIA,VITA,VITA,5873
LIGURIA,MASTELLA NOI DI CENTRO EUROPEISTI,MASTELLA NOI DI CENTRO EUROPEISTI,684
EMILIA-ROMAGNA,CDX,FRATELLI D'ITALIA CON GIORGIA MELONI,564437
EMILIA-ROMAGNA,CDX,LEGA PER SALVINI PREMIER,169624
EMILIA-ROMAGNA,CDX,FORZA ITALIA,131394
EMILIA-ROMAGNA,CDX,NOI MODERATI/LUPI - TOTI - BRUGNARO - UDC,12676
EMILIA-ROMAGNA,CSX,PARTITO DEMOCRATICO - ITALIA DEMOCRATICA E PROGRESSISTA,625539
EMILIA-ROMAGNA,CSX,ALLEANZA VERDI E SINISTRA,96264
EMILIA-ROMAGNA,CSX,+EUROPA,70342
EMILIA-ROMAGNA,CSX,IMPEGNO CIVICO LUIGI DI MAIO - CENTRO DEMOCRATICO,8073
EMILIA-ROMAGNA,MOVIMENTO 5 STELLE,MOVIMENTO 5 STELLE,217829
EMILIA-ROMAGNA,AZIONE - ITALIA VIVA - CALENDA,AZIONE - ITALIA VIVA - CALENDA,187234
EMILIA-ROMAGNA,ITALEXIT PER L'ITALIA,ITALEXIT PER L'ITALIA,43209
EMILIA-ROMAGNA,UNIONE POPOLARE CON DE MAGISTRIS,UNIONE POPOLARE CON DE MAGISTRIS,30691
EMILIA-ROMAGNA,ITALIA SOVRANA E POPOLARE,ITALIA SOVRANA E POPOLARE,32090
EMILIA-ROMAGNA,SUD CHIAMA NORD,SUD CHIAMA NORD,1478
EMILIA-ROMAGNA,VITA,VITA,24526
EMILIA-ROMAGNA,MASTELLA NOI DI CENTRO EUROPEISTI,MASTELLA NOI DI CENTRO EUROPEISTI,1733
EMILIA-ROMAGNA,PARTITO ANIMALISTA - UCDL - 10 VOLTE MEGLIO,PARTITO ANIMALISTA - UCDL - 10 VOLTE MEGLIO,13601
TOSCANA,CDX,FRATELLI D'ITALIA CON GIORGIA MELONI,473011
TOSCANA,CDX,LEGA PER SALVINI PREMIER,119713
TOSCANA,CDX,FORZA ITALIA,101633
TOSCANA,CDX,NOI MODERATI/LUPI - TOTI - BRUGNARO - UDC,8862
TOSCANA,CSX,PARTITO DEMOCRATICO - ITALIA DEMOCRATICA E PROGRESSISTA,478165
TOSCANA,CSX,ALLEANZA VERDI E SINISTRA,89354
TOSCANA,CSX,+EUROPA,52469
TOSCANA,CSX,IMPEGNO CIVICO LUIGI DI MAIO - CENTRO DEMOCRATICO,7642
TOSCANA,MOVIMENTO 5 STELLE,MOVIMENTO 5 STELLE,200607
TOSCANA,AZIONE - ITALIA VIVA - CALENDA,AZIONE - ITALIA VIVA - CALENDA,166602
TOSCANA,ITALEXIT PER L'ITALIA,ITALEXIT PER L'ITALIA,31356
TOSCANA,UNIONE POPOLARE CON DE MAGISTRIS,UNIONE POPOLARE CON DE MAGISTRIS,39315
TOSCANA,ITALIA SOVRANA E POPOLARE,ITALIA SOVRANA E POPOLARE,28299
TOSCANA,VITA,VITA,12937
UMBRIA,CDX,FRATELLI D'ITALIA CON GIORGIA MELONI,130842
UMBRIA,CDX,LEGA PER SALVINI PREMIER,32892
UMBRIA,CDX,FORZA ITALIA,29010
UMBRIA,CDX,NOI MODERATI/LUPI - TOTI - BRUGNARO - UDC,1762
UMBRIA,CSX,PARTITO DEMOCRATICO - ITALIA DEMOCRATICA E PROGRESSISTA,86939
UMBRIA,CSX,ALLEANZA VERDI E SINISTRA,14725
UMBRIA,CSX,+EUROPA,8766
UMBRIA,CSX,IMPEGNO CIVICO LUIGI DI MAIO - CENTRO DEMOCRATICO,1528
UMBRIA,MOVIMENTO 5 STELLE,MOVIMENTO 5 STELLE,53107
UMBRIA,AZIONE - ITALIA VIVA - CALENDA,AZIONE - ITALIA VIVA - CALENDA,33931
UMBRIA,ITALEXIT PER L'ITALIA,ITALEXIT PER L'ITALIA,7693
UMBRIA,UNIONE POPOLARE CON DE MAGISTRIS,UNIONE POPOLARE CON DE MAGISTRIS,5137
UMBRIA,ITALIA SOVRANA E POPOLARE,ITALIA SOVRANA E POPOLARE,5798
UMBRIA,VITA,VITA,2428
UMBRIA,MASTELLA NOI DI CENTRO EUROPEISTI,MASTELLA NOI DI CENTRO EUROPEISTI,259
UMBRIA,PARTITO COMUNISTA ITALIANO,PARTITO COMUNISTA ITALIANO,5854
MARCHE,CDX,FRATELLI D'ITALIA CON GIORGIA MELONI,216474
MARCHE,CDX,LEGA PER SALVINI PREMIER,58782
MARCHE,CDX,FORZA ITALIA,50234
MARCHE,CDX,NOI MODERATI/LUPI - TOTI - BRUGNARO - UDC,5761
MARCHE,CSX,PARTITO DEMOCRATICO - ITALIA DEMOCRATICA E PROGRESSISTA,149228
MARCHE,CSX,ALLEANZA VERDI E SINISTRA,24346
MARCHE,CSX,+EUROPA,18370
MARCHE,CSX,IMPEGNO CIVICO LUIGI DI MAIO - CENTRO DEMOCRATICO,3520
MARCHE,MOVIMENTO 5 STELLE,MOVIMENTO 5 STELLE,99037
MARCHE,AZIONE - ITALIA VIVA - CALENDA,AZIONE - ITALIA VIVA - CALENDA,53438
MARCHE,ITALEXIT PER L'ITALIA,ITALEXIT PER L'ITALIA,19394
MARCHE,UNIONE POPOLARE CON DE MAGISTRIS,UNIONE POPOLARE CON DE MAGISTRIS,9719
MARCHE,ITALIA SOVRANA E POPOLARE,ITALIA SOVRANA E POPOLARE,10434
MARCHE,VITA,VITA,6204
MARCHE,PARTITO COMUNISTA ITALIANO,PARTITO COMUNISTA ITALIANO,7985
MARCHE,ALTERNATIVA PER L'ITALIA - NO GREEN PASS,ALTERNATIVA PER L'ITALIA - NO GREEN PASS,2523
LAZIO 1,CDX,FRATELLI D'ITALIA CON GIORGIA MELONI,524747
LAZIO 1,CDX,LEGA PER SALVINI PREMIER,87326
LAZIO 1,CDX,FORZA ITALIA,91200
LAZIO 1,CDX,NOI MODERATI/LUPI - TOTI - BRUGNARO - UDC,8410
LAZIO 1,CSX,PARTITO DEMOCRATICO - ITALIA DEMOCRATICA E PROGRESSISTA,371608
LAZIO 1,CSX,ALLEANZA VERDI E SINISTRA,75788
LAZIO 1,CSX,+EUROPA,59359
LAZIO 1,CSX,IMPEGNO CIVICO LUIGI DI MAIO - CENTRO DEMOCRATICO,8777
LAZIO 1,MOVIMENTO 5 STELLE,MOVIMENTO 5 STELLE,252635
LAZIO 1,AZIONE - ITALIA VIVA - CALENDA,AZIONE - ITALIA VIVA - CALENDA,157423
LAZIO 1,ITALEXIT PER L'ITALIA,ITALEXIT PER L'ITALIA,26790
LAZIO 1,UNIONE POPOLARE CON DE MAGISTRIS,UNIONE POPOLARE CON DE MAGISTRIS,30655
LAZIO 1,ITALIA SOVRANA E POPOLARE,ITALIA SOVRANA E POPOLARE,22015
LAZIO 1,VITA,VITA,8840
LAZIO 1,ALTERNATIVA PER L'ITALIA - NO GREEN PASS,ALTERNATIVA PER L'ITALIA - NO GREEN PASS,2150
LAZIO 1,PARTITO DELLA FOLLIA CREATIVA,PARTITO DELLA FOLLIA CREATIVA,1304
LAZIO 2,CDX,FRATELLI D'ITALIA CON GIORGIA MELONI,297798
LAZIO 2,CDX,LEGA PER SALVINI PREMIER,78642
LAZIO 2,CDX,FORZA ITALIA,89560
LAZIO 2,CDX,NOI MODERATI/LUPI - TOTI - BRUGNARO - UDC,4119
LAZIO 2,CSX,PARTITO DEMOCRATICO - ITALIA DEMOCRATICA E PROGRESSISTA,129978
LAZIO 2,CSX,ALLEANZA VERDI E SINISTRA,24467
LAZIO 2,CSX,+EUROPA,17595
LAZIO 2,CSX,IMPEGNO CIVICO LUIGI DI MAIO - CENTRO DEMOCRATICO,4967
LAZIO 2,MOVIMENTO 5 STELLE,MOVIMENTO 5 STELLE,134582
LAZIO 2,AZIONE - ITALIA VIVA - CALENDA,AZIONE - ITALIA VIVA - CALENDA,53065
LAZIO 2,ITALEXIT PER L'ITALIA,ITALEXIT PER L'ITALIA,16528
LAZIO 2,UNIONE POPOLARE CON DE MAGISTRIS,UNIONE POPOLARE CON DE MAGISTRIS,12861
LAZIO 2,ITALIA SOVRANA E POPOLARE,ITALIA SOVRANA E POPOLARE,11858
ABRUZZO,CDX,FRATELLI D'ITALIA CON GIORGIA MELONI,167639
ABRUZZO,CDX,LEGA PER SALVINI PREMIER,48393
ABRUZZO,CDX,FORZA ITALIA,66785
ABRUZZO,CDX,NOI MODERATI/LUPI - TOTI - BRUGNARO - UDC,4092
ABRUZZO,CSX,PARTITO DEMOCRATICO - ITALIA DEMOCRATICA E PROGRESSISTA,99427
ABRUZZO,CSX,ALLEANZA VERDI E SINISTRA,16191
ABRUZZO,CSX,+EUROPA,11806
ABRUZZO,CSX,IMPEGNO CIVICO LUIGI DI MAIO - CENTRO DEMOCRATICO,3747
ABRUZZO,MOVIMENTO 5 STELLE,MOVIMENTO 5 STELLE,110845
ABRUZZO,AZIONE - ITALIA VIVA - CALENDA,AZIONE - ITALIA VIVA - CALENDA,37484
ABRUZZO,ITALEXIT PER L'ITALIA,ITALEXIT PER L'ITALIA,11163
ABRUZZO,UNIONE POPOLARE CON DE MAGISTRIS,UNIONE POPOLARE CON DE MAGISTRIS,10299
ABRUZZO,ITALIA SOVRANA E POPOLARE,ITALIA SOVRANA E POPOLARE,6697
ABRUZZO,SUD CHIAMA NORD,SUD CHIAMA NORD,1094
ABRUZZO,VITA,VITA,2821
ABRUZZO,ALTERNATIVA PER L'ITALIA - NO GREEN PASS,ALTERNATIVA PER L'ITALIA - NO GREEN PASS,1633
MOLISE,CDX,FRATELLI D'ITALIA CON GIORGIA MELONI,26705
MOLISE,CDX,LEGA PER SALVINI PREMIER,10672
MOLISE,CDX,FORZA ITALIA,14208
MOLISE,CDX,NOI MODERATI/LUPI - TOTI - BRUGNARO - UDC,2027
MOLISE,CSX,PARTITO DEMOCRATICO - ITALIA DEMOCRATICA E PROGRESSISTA,21587
MOLISE,CSX,ALLEANZA VERDI E SINISTRA,3513
MOLISE,CSX,+EUROPA,1881
MOLISE,CSX,IMPEGNO CIVICO LUIGI DI MAIO - CENTRO DEMOCRATICO,817
MOLISE,MOVIMENTO 5 STELLE,MOVIMENTO 5 STELLE,30549
MOLISE,AZIONE - ITALIA VIVA - CALENDA,AZIONE - ITALIA VIVA - CALENDA,5976
MOLISE,UNIONE POPOLARE CON DE MAGISTRIS,UNIONE POPOLARE CON DE MAGISTRIS,2175
MOLISE,ITALIA SOVRANA E POPOLARE,ITALIA SOVRANA E POPOLARE,2056
MOLISE,MASTELLA NOI DI CENTRO EUROPEISTI,MASTELLA NOI DI CENTRO EUROPEISTI,1409
CAMPANIA 1,CDX,FRATELLI D'ITALIA CON GIORGIA MELONI,158087
CAMPANIA 1,CDX,LEGA PER SALVINI PREMIER,32637
CAMPANIA 1,CDX,FORZA ITALIA,109159
CAMPANIA 1,CDX,NOI MODERATI/LUPI - TOTI - BRUGNARO - UDC,6797
CAMPANIA 1,CSX,PARTITO DEMOCRATICO - ITALIA DEMOCRATICA E PROGRESSISTA,162629
CAMPANIA 1,CSX,ALLEANZA VERDI E SINISTRA,34594
CAMPANIA 1,CSX,+EUROPA,23297
CAMPANIA 1,CSX,IMPEGNO CIVICO LUIGI DI MAIO - CENTRO DEMOCRATICO,23969
CAMPANIA 1,MOVIMENTO 5 STELLE,MOVIMENTO 5 STELLE,474816
CAMPANIA 1,AZIONE - ITALIA VIVA - CALENDA,AZIONE - ITALIA VIVA - CALENDA,60987
CAMPANIA 1,ITALEXIT PER L'ITALIA,ITALEXIT PER L'ITALIA,12617
CAMPANIA 1,UNIONE POPOLARE CON DE MAGISTRIS,UNIONE POPOLARE CON DE MAGISTRIS,29485
CAMPANIA 1,ITALIA SOVRANA E POPOLARE,ITALIA SOVRANA E POPOLARE,8054
CAMPANIA 1,MASTELLA NOI DI CENTRO EUROPEISTI,MASTELLA NOI DI CENTRO EUROPEISTI,3699
CAMPANIA 2,CDX,FRATELLI D'ITALIA CON GIORGIA MELONI,233375
CAMPANIA 2,CDX,LEGA PER SALVINI PREMIER,66607
CAMPANIA 2,CDX,FORZA ITALIA,108972
CAMPANIA 2,CDX,NOI MODERATI/LUPI - TOTI - BRUGNARO - UDC,8363
CAMPANIA 2,CSX,PARTITO DEMOCRATICO - ITALIA DEMOCRATICA E PROGRESSISTA,181792
CAMPANIA 2,CSX,ALLEANZA VERDI E SINISTRA,26153
CAMPANIA 2,CSX,+EUROPA,20948
CAMPANIA 2,CSX,IMPEGNO CIVICO LUIGI DI MAIO - CENTRO DEMOCRATICO,15035
CAMPANIA 2,MOVIMENTO 5 STELLE,MOVIMENTO 5 STELLE,302237
CAMPANIA 2,AZIONE - ITALIA VIVA - CALENDA,AZIONE - ITALIA VIVA - CALENDA,54533
CAMPANIA 2,ITALEXIT PER L'ITALIA,ITALEXIT PER L'ITALIA,12414
CAMPANIA 2,UNIONE POPOLARE CON DE MAGISTRIS,UNIONE POPOLARE CON DE MAGISTRIS,15694
CAMPANIA 2,ITALIA SOVRANA E POPOLARE,ITALIA SOVRANA E POPOLARE,8967
CAMPANIA 2,MASTELLA NOI DI CENTRO EUROPEISTI,MASTELLA NOI DI CENTRO EUROPEISTI,28316
CAMPANIA 2,PARTITO COMUNISTA ITALIANO,PARTITO COMUNISTA ITALIANO,3135
CAMPANIA 2,PARTITO ANIMALISTA - UCDL - 10 VOLTE MEGLIO,PARTITO ANIMALISTA - UCDL - 10 VOLTE MEGLIO,4365
CAMPANIA 2,VITA,VITA,2109
PUGLIA,CDX,FRATELLI D'ITALIA CON GIORGIA MELONI,401296
PUGLIA,CDX,LEGA PER SALVINI PREMIER,89752
PUGLIA,CDX,FORZA ITALIA,195010
PUGLIA,CDX,NOI MODERATI/LUPI - TOTI - BRUGNARO - UDC,13264
PUGLIA,CSX,PARTITO DEMOCRATICO - ITALIA DEMOCRATICA E PROGRESSISTA,271843
PUGLIA,CSX,ALLEANZA VERDI E SINISTRA,48843
PUGLIA,CSX,+EUROPA,30878
PUGLIA,CSX,IMPEGNO CIVICO LUIGI DI MAIO - CENTRO DEMOCRATICO,11391
PUGLIA,MOVIMENTO 5 STELLE,MOVIMENTO 5 STELLE,466818
PUGLIA,AZIONE - ITALIA VIVA - CALENDA,AZIONE - ITALIA VIVA - CALENDA,79327
PUGLIA,ITALEXIT PER L'ITALIA,ITALEXIT PER L'ITALIA,24480
PUGLIA,UNIONE POPOLARE CON DE MAGISTRIS,UNIONE POPOLARE CON DE MAGISTRIS,18355
PUGLIA,ITALIA SOVRANA E POPOLARE,ITALIA SOVRANA E POPOLARE,18004
BASILICATA,CDX,FRATELLI D'ITALIA CON GIORGIA MELONI,43727
BASILICATA,CDX,LEGA PER SALVINI PREMIER,21615
BASILICATA,CDX,FORZA ITALIA,22529
BASILICATA,CDX,NOI MODERATI/LUPI - TOTI - BRUGNARO - UDC,4365
BASILICATA,CSX,PARTITO DEMOCRATICO - ITALIA DEMOCRATICA E PROGRESSISTA,36073
BASILICATA,CSX,ALLEANZA VERDI E SINISTRA,8107
BASILICATA,CSX,+EUROPA,4956
BASILICATA,CSX,IMPEGNO CIVICO LUIGI DI MAIO - CENTRO DEMOCRATICO,2119
BASILICATA,MOVIMENTO 5 STELLE,MOVIMENTO 5 STELLE,58748
BASILICATA,AZIONE - ITALIA VIVA - CALENDA,AZIONE - ITALIA VIVA - CALENDA,22905
BASILICATA,ITALEXIT PER L'ITALIA,ITALEXIT PER L'ITALIA,3391
BASILICATA,UNIONE POPOLARE CON DE MAGISTRIS,UNIONE POPOLARE CON DE MAGISTRIS,3486
BASILICATA,ITALIA SOVRANA E POPOLARE,ITALIA SOVRANA E POPOLARE,2537
BASILICATA,MASTELLA NOI DI CENTRO EUROPEISTI,MASTELLA NOI DI CENTRO EUROPEISTI,873
BASILICATA,PARTITO COMUNISTA ITALIANO,PARTITO COMUNISTA ITALIANO,2222
CALABRIA,CDX,FRATELLI D'ITALIA CON GIORGIA MELONI,133451
CALABRIA,CDX,LEGA PER SALVINI PREMIER,40793
CALABRIA,CDX,FORZA ITALIA,109912
CALABRIA,CDX,NOI MODERATI/LUPI - TOTI - BRUGNARO - UDC,7025
CALABRIA,CSX,PARTITO DEMOCRATICO - ITALIA DEMOCRATICA E PROGRESSISTA,97734
CALABRIA,CSX,ALLEANZA VERDI E SINISTRA,12357
CALABRIA,CSX,+EUROPA,7426
CALABRIA,CSX,IMPEGNO CIVICO LUIGI DI MAIO - CENTRO DEMOCRATICO,6110
CALABRIA,MOVIMENTO 5 STELLE,MOVIMENTO 5 STELLE,205323
CALABRIA,AZIONE - ITALIA VIVA - CALENDA,AZIONE - ITALIA VIVA - CALENDA,28621
CALABRIA,ITALEXIT PER L'ITALIA,ITALEXIT PER L'ITALIA,9792
CALABRIA,UNIONE POPOLARE CON DE MAGISTRIS,UNIONE POPOLARE CON DE MAGISTRIS,15634
CALABRIA,ITALIA SOVRANA E POPOLARE,ITALIA SOVRANA E POPOLARE,8373
CALABRIA,SUD CHIAMA NORD,SUD CHIAMA NORD,2355
CALABRIA,VITA,VITA,1429
CALABRIA,MASTELLA NOI DI CENTRO EUROPEISTI,MASTELLA NOI DI CENTRO EUROPEISTI,1584
CALABRIA,PARTITO COMUNISTA ITALIANO,PARTITO COMUNISTA ITALIANO,4540
CALABRIA,PARTITO ANIMALISTA - UCDL - 10 VOLTE MEGLIO,PARTITO ANIMALISTA - UCDL - 10 VOLTE MEGLIO,2116
CALABRIA,ALTERNATIVA PER L'ITALIA - NO GREEN PASS,ALTERNATIVA PER L'ITALIA - NO GREEN PASS,1857
CALABRIA,FORZA DEL POPOLO,FORZA DEL POPOLO,763
SICILIA 1,CDX,FRATELLI D'ITALIA CON GIORGIA MELONI,165758
SICILIA 1,CDX,LEGA PER SALVINI PREMIER,43743
SICILIA 1,CDX,FORZA ITALIA,107209
SICILIA 1,CDX,NOI MODERATI/LUPI - TOTI - BRUGNARO - UDC,8530
SICILIA 1,CSX,PARTITO DEMOCRATICO - ITALIA DEMOCRATICA E PROGRESSISTA,111287
SICILIA 1,CSX,ALLEANZA VERDI E SINISTRA,19177
SICILIA 1,CSX,+EUROPA,16729
SICILIA 1,CSX,IMPEGNO CIVICO LUIGI DI MAIO - CENTRO DEMOCRATICO,6887
SICILIA 1,MOVIMENTO 5 STELLE,MOVIMENTO 5 STELLE,281262
SICILIA 1,AZIONE - ITALIA VIVA - CALENDA,AZIONE - ITALIA VIVA - CALENDA,49337
SICILIA 1,ITALEXIT PER L'ITALIA,ITALEXIT PER L'ITALIA,14179
SICILIA 1,UNIONE POPOLARE CON DE MAGISTRIS,UNIONE POPOLARE CON DE MAGISTRIS,7804
SICILIA 1,ITALIA SOVRANA E POPOLARE,ITALIA SOVRANA E POPOLARE,10121
SICILIA 1,SUD CHIAMA NORD,SUD CHIAMA NORD,73007
SICILIA 2,CDX,FRATELLI D'ITALIA CON GIORGIA MELONI,219024
SICILIA 2,CDX,LEGA PER SALVINI PREMIER,58712
SICILIA 2,CDX,FORZA ITALIA,118669
SICILIA 2,CDX,NOI MODERATI/LUPI - TOTI - BRUGNARO - UDC,7585
SICILIA 2,CSX,PARTITO DEMOCRATICO - ITALIA DEMOCRATICA E PROGRESSISTA,123899
SICILIA 2,CSX,ALLEANZA VERDI E SINISTRA,21787
SICILIA 2,CSX,+EUROPA,17418
SICILIA 2,CSX,IMPEGNO CIVICO LUIGI DI MAIO - CENTRO DEMOCRATICO,8264
SICILIA 2,MOVIMENTO 5 STELLE,MOVIMENTO 5 STELLE,282757
SICILIA 2,AZIONE - ITALIA VIVA - CALENDA,AZIONE - ITALIA VIVA - CALENDA,49915
SICILIA 2,ITALEXIT PER L'ITALIA,ITALEXIT PER L'ITALIA,20558
SICILIA 2,UNIONE POPOLARE CON DE MAGISTRIS,UNIONE POPOLARE CON DE MAGISTRIS,10356
SICILIA 2,ITALIA SOVRANA E POPOLARE,ITALIA SOVRANA E POPOLARE,11108
SICILIA 2,SUD CHIAMA NORD,SUD CHIAMA NORD,130859
SICILIA 2,VITA,VITA,3860
SARDEGNA,CDX,FRATELLI D'ITALIA CON GIORGIA MELONI,158268
SARDEGNA,CDX,LEGA PER SALVINI PREMIER,42153
SARDEGNA,CDX,FORZA ITALIA,57388
SARDEGNA,CDX,NOI MODERATI/LUPI - TOTI - BRUGNARO - UDC,13710
SARDEGNA,CSX,PARTITO DEMOCRATICO - ITALIA DEMOCRATICA E PROGRESSISTA,120851
SARDEGNA,CSX,ALLEANZA VERDI E SINISTRA,32517
SARDEGNA,CSX,+EUROPA,14483
SARDEGNA,CSX,IMPEGNO CIVICO LUIGI DI MAIO - CENTRO DEMOCRATICO,5784
SARDEGNA,MOVIMENTO 5 STELLE,MOVIMENTO 5 STELLE,142905
SARDEGNA,AZIONE - ITALIA VIVA - CALENDA,AZIONE - ITALIA VIVA - CALENDA,29871
SARDEGNA,ITALEXIT PER L'ITALIA,ITALEXIT PER L'ITALIA,16153
SARDEGNA,UNIONE POPOLARE CON DE MAGISTRIS,UNIONE POPOLARE CON DE MAGISTRIS,10003
SARDEGNA,ITALIA SOVRANA E POPOLARE,ITALIA SOVRANA E POPOLARE,10235
SARDEGNA,VITA,VITA,3681
TRENTINO-ALTO ADIGE/SUDTIROL,CDX,FRATELLI D'ITALIA CON GIORGIA MELONI,90697
TRENTINO-ALTO ADIGE/SUDTIROL,CDX,LEGA PER SALVINI PREMIER,41235
TRENTINO-ALTO ADIGE/SUDTIROL,CDX,FORZA ITALIA,16207
TRENTINO-ALTO ADIGE/SUDTIROL,CDX,NOI MODERATI/LUPI - TOTI - BRUGNARO - UDC,2625
TRENTINO-ALTO ADIGE/SUDTIROL,CSX,PARTITO DEMOCRATICO - ITALIA DEMOCRATICA E PROGRESSISTA,79762
TRENTINO-ALTO ADIGE/SUDTIROL,CSX,ALLEANZA VERDI E SINISTRA,26184
TRENTINO-ALTO ADIGE/SUDTIROL,CSX,+EUROPA,13618
TRENTINO-ALTO ADIGE/SUDTIROL,CSX,IMPEGNO CIVICO LUIGI DI MAIO - CENTRO DEMOCRATICO,1727
TRENTINO-ALTO ADIGE/SUDTIROL,MOVIMENTO 5 STELLE,MOVIMENTO 5 STELLE,23909
TRENTINO-ALTO ADIGE/SUDTIROL,AZIONE - ITALIA VIVA - CALENDA,AZIONE - ITALIA VIVA - CALENDA,28589
TRENTINO-ALTO ADIGE/SUDTIROL,ITALEXIT PER L'ITALIA,ITALEXIT PER L'ITALIA,8335
TRENTINO-ALTO ADIGE/SUDTIROL,UNIONE POPOLARE CON DE MAGISTRIS,UNIONE POPOLARE CON DE MAGISTRIS,3958
TRENTINO-ALTO ADIGE/SUDTIROL,ITALIA SOVRANA E POPOLARE,ITALIA SOVRANA E POPOLARE,6064
TRENTINO-ALTO ADIGE/SUDTIROL,VITA,VITA,20634
TRENTINO-ALTO ADIGE/SUDTIROL,SUDTIROLER VOLKSPARTEI (SVP) - PATT,SUDTIROLER VOLKSPARTEI (SVP) - PATT,106092
